c28d1e92-5cf9-4280-bcb3-989aa7aa5a21, 0, 100, 150, 
d0d08bb6-79f8-4e2a-80d2-4d4b9ccd06f7, 0, 100, 150, 
62b8dd10-0667-4fd4-be57-550936ebd5d2, 0, 100, 150, 
10e35310-5dbe-42ae-a31f-c043bc32e30e, 0, 100, 150, 
b5fa9b69-522e-406c-b8b5-1159be63943c, 0, 100, 150, 
2d06cb5b-5a03-4d11-ac8f-17d4bdb0552a, 0, 100, 150, 
b513226d-d941-4443-b1c6-56a3135c7f8d, 0, 100, 150, 
97e6e69e-07a0-4ca4-a517-e824941f052c, 0, 100, 150, 
58e46ad9-f752-40f6-a4fb-f2df06608593, 0, 100, 150, 
a0408e2b-7283-48c7-af92-e522646f9e22, 0, 100, 150, 
214f50b9-9d6d-4ae6-9d04-7743d27cc9c8, 0, 100, 150, 
182d74e4-2548-426e-8460-f2b7ec21495b, 0, 100, 150, 
25a9983d-8c6e-4a77-80e3-7952875332d1, 0, 100, 150, 
18c3c951-eb67-4550-95c6-2739dc409c57, 0, 100, 150, 
837eac03-8814-4816-85ac-aaf875725dde, 0, 100, 150, 
6e7c8ae7-5607-49d5-a224-ceb80a8d6011, 0, 100, 150, 
66ff38dc-154e-4382-86c0-677ca97c9b1d, 0, 100, 150, 
e1ba18e5-371d-4cc7-bb25-e4d5e2a67315, 0, 100, 150, 
7e8566c5-d681-47ba-840f-3100e3ecb1b9, 0, 100, 150, 
74906864-3c49-4b5b-9529-286ebf7456f7, 0, 100, 150, 
9a921d3e-07aa-4e5f-80ed-0c1cb0aeb885, 0, 100, 150, 
454ae067-6204-4e42-842c-ee25ad7d1e9a, 0, 100, 150, 
02d423df-6ed2-46d9-bd3d-05daf35da0c1, 0, 100, 150, 
c81fb4ba-ab2b-4350-9363-1596da9b3c52, 0, 100, 150, 
a4e334ad-ba3c-4629-8d74-6eb283341eeb, 0, 100, 150, 
8bdf7c51-8589-4dff-af5d-0e9216d1a55d, 0, 100, 150, 
e71ed8ac-37e2-4bce-83ca-6c8556faad6f, 0, 100, 150, 
baa4a2bc-c5fd-4673-9e83-a5fcb783506a, 0, 100, 150, 
636f09a1-8509-4e27-9247-2ade17a009a4, 0, 100, 150, 
1ce43766-a178-48e8-bcb3-ff329fa167c1, 0, 100, 150, 
2dfaefd0-69ac-47ac-b880-fc946845adaa, 0, 100, 150, 
874cb317-9404-4895-806c-07a8791ebe3f, 0, 100, 150, 
0f46b223-52cd-4f80-b343-665cb4e3b272, 0, 100, 150, 
7a40aa9b-d4e4-4008-b2f2-f7fd2d172f16, 0, 100, 150, 
bed7f9ed-a578-47ec-a209-514a03b52bcb, 0, 100, 150, 
822c3b59-c624-4c21-8efb-ade84485b6e3, 0, 100, 150, 
c1c6b253-25c9-4fd4-808b-78fd96448796, 0, 100, 150, 
90f1c925-3550-4f02-954a-9a5296245f22, 0, 100, 150, 
4c2eedc9-f486-48d7-9a5a-c33d56fc9926, 0, 100, 150, 
22dc1b1c-40da-49f6-967e-717d1c43ac6b, 0, 100, 150, 
a5e564b3-ff68-4de4-a4f0-635db80bb988, 0, 100, 150, 
c6753444-268c-42d4-9ce7-4eb5d817431c, 0, 100, 150, 
2e0e45c5-6bb6-4353-b4ba-ba9dde922b04, 0, 100, 150, 
387f5f10-11ac-4c6b-8fc4-941624014a1b, 0, 100, 150, 
30a8239d-fb92-43d7-b506-a664c156ccdf, 0, 100, 150, 
51981c1c-1c39-4ec9-a969-35ec8e1ee492, 0, 100, 150, 
347695c7-f8d0-4d3c-8832-3956bee39774, 0, 100, 150, 
a8490160-f666-41b7-a589-a94f83c70a41, 0, 100, 150, 
c96016c2-a29c-4585-9907-ea87190f9a4a, 0, 100, 150, 
f604933d-46e2-49a2-a359-48fc1a188426, 0, 100, 150, 
f96f9ebe-6155-4c8c-96f6-c42d6dcebf88, 0, 100, 150, 
ba18518c-255b-4981-947f-4e6a3c4f3d96, 0, 100, 150, 
808748bf-1b5a-4fb8-b5f6-7a109d8c9108, 0, 100, 150, 
c9d2e96f-3363-47a8-951d-f335cd95afe5, 0, 100, 150, 
53696ddf-0aac-40a3-8870-02967f8b34c6, 0, 100, 150, 
d23136d5-e397-49f3-91fb-b9ecbe929951, 0, 100, 150, 
c48c691b-a621-40e3-a4b7-4d3c5ebdacac, 0, 100, 150, 
fac3e41f-8d76-4f27-a9d3-fea798c0949d, 0, 100, 150, 
90775c7f-0bda-4c29-97b7-34854a7525bc, 0, 100, 150, 
700b0c7d-2474-4eb2-a40a-eaea477cea41, 0, 100, 150, 
ea43807a-fc26-4d70-a7f1-a700b178632b, 0, 100, 150, 
df8acc63-2e57-4c47-b9ba-de4c967d4c64, 0, 100, 150, 
cbbcc128-4537-407e-835e-70c4454518d9, 0, 100, 150, 
ea72f099-48dd-4509-987c-8aa78bee7119, 0, 100, 150, 
bfb418e2-fb42-42ca-bae8-3ef01d43131c, 0, 100, 150, 
a1046596-8bd8-4c29-8c8b-db38e78b73ef, 0, 100, 150, 
1097244f-7dfa-41fd-bd1e-ab55572e61ce, 0, 100, 150, 
2b5e567e-3a2d-47f6-a079-3ac018e288f3, 0, 100, 150, 
f5eb3299-64c3-4bb3-93e1-a4eb9ccfe754, 0, 100, 150, 
0c0898f4-2726-42b5-a423-e2f9cba6c309, 0, 100, 150, 
7e171de9-0d46-4633-a858-7e8e80ae503a, 0, 100, 150, 
e132afe7-76d7-4ccb-8e0c-746fcd968a7f, 0, 100, 150, 
3384fd56-7697-448b-84db-da5439df0142, 0, 100, 150, 
0c85dff8-22b0-4dfa-8412-766b4f41b620, 0, 100, 150, 
d101f75e-30e5-477b-9a90-331a8705f9e2, 0, 100, 150, 
f0f4532e-53c3-4e1d-9cc4-a71794a0b554, 0, 100, 150, 
f0933858-0a83-4dfe-90d9-9c8abc7312d6, 0, 100, 150, 
18c01c6d-bf5d-45b6-979c-e06e346416f0, 0, 100, 150, 
ab24248d-466f-4de8-84bc-d4cbc3575dfb, 0, 100, 150, 
eb1586ec-b9a2-4cc8-80ac-f8d4eb598f99, 0, 100, 150, 
3ee0e394-42d9-49d1-bd87-11c9655be793, 0, 100, 150, 
11d925ff-693c-4558-8eb7-a0320e689f1a, 0, 100, 150, 
08e65ad5-2b6a-40c1-bc72-53cdb4afce39, 0, 100, 150, 
d1311ee7-a029-4687-8027-ef64374358e8, 0, 100, 150, 
29a035a4-9c69-47ae-8a8e-4c01b406dc59, 0, 100, 150, 
30cb547b-7cdf-4076-a34b-37ae03e81db5, 0, 100, 150, 
b19dfad9-807f-49bd-aadc-ba2531e0f706, 0, 100, 150, 
0713f723-c71e-475b-922d-c41beb9e064f, 0, 100, 150, 
7b31aa49-e635-409d-a20c-29fc2bdb4889, 0, 100, 150, 
53b8ff37-f0b4-4b44-b203-7d05cbb4cb12, 0, 100, 150, 
6dd46a95-0f52-4193-926f-9d691967632e, 0, 100, 150, 
48539fdc-b843-4de3-b957-385221d80499, 0, 100, 150, 
a97c59a8-d1c9-4f39-a2e9-f6c3593f008b, 0, 100, 150, 
edfea271-0d21-459a-8207-767dee082c9c, 0, 100, 150, 
6f6cfaae-c0f7-48de-851a-a47b2c77e2e0, 0, 100, 150, 
12f2e4f8-b7b2-428f-80e4-d3c78bf592d1, 0, 100, 150, 
7806531e-6737-4df6-99a3-6f0167a1fd5b, 0, 100, 150, 
3e094008-0138-4e3e-907f-cb19f23d8c38, 0, 100, 150, 
279f7335-8ba9-4817-9831-924a194ace54, 0, 100, 150, 
e5f122e8-ecd3-489e-9a2b-8fa4ae4b03b1, 0, 100, 150, 
