a9b733df-9480-45d2-a669-4ae1b2caf779, 0, 200, 300, 
7ec151fb-eb64-46ad-b2fd-4c59cfff60be, 0, 199, 298, 
002d9675-17b5-49a1-b952-453119ebed56, 0, 198, 297, 
728f79d0-49d0-4647-b551-49acb48f4fe9, 0, 197, 295, 
82cbe70f-1c43-4d6a-ad68-d6aa372cfdce, 0, 196, 294, 
63391990-32b9-4c5c-b1a5-f628b113a0ce, 0, 195, 292, 
74eb9d40-1b2d-4081-b7e9-dedfe7333cfb, 0, 194, 291, 
3fa5c411-4e22-41c9-af30-b216b4446422, 0, 193, 289, 
4967aeac-f1bc-4f04-ab5a-d5ca54b46271, 0, 192, 288, 
7fb89dfb-9f77-4295-bfad-9f53c262cf21, 0, 191, 286, 
554fe49f-42d6-432a-b7a3-356543105646, 0, 190, 285, 
710f6baf-1137-4b71-b2f0-7fa8a0e6c387, 0, 189, 283, 
61408465-a8ae-4937-a46e-e73f1dd558e0, 0, 188, 282, 
cd25705e-6974-466d-9498-d0ab15f90ec7, 0, 187, 280, 
94ba7ded-3b6b-4ff2-926f-6220d533732a, 0, 186, 279, 
98710d06-8651-409d-9d85-47c0f9a7aa2c, 0, 185, 277, 
86f5131a-2e12-450c-a127-30b6ddf24ab2, 0, 184, 276, 
b1e2b26e-e599-4ab1-bbad-4974b294d745, 0, 183, 274, 
300e2e81-a88c-4822-a87c-e53d26e3de5b, 0, 182, 273, 
50ad8868-e99c-4acb-ba04-614d073a4720, 0, 181, 271, 
a4a65a0c-258b-4cfb-9ab8-0832d31f4997, 0, 180, 270, 
76a1e761-4503-464e-8bb6-db02dead8f4c, 0, 179, 268, 
d5476ce4-b11d-4541-8404-07c33b4cc0bf, 0, 178, 267, 
40903d67-dadc-4243-a7df-2643f4400d8d, 0, 177, 265, 
239c01d3-92ae-47c3-803e-2f1b4e0513ad, 0, 176, 264, 
15e94f9c-d80b-4b3c-86a4-3ea9f8f8975a, 0, 175, 262, 
f31c3bc7-e6fa-437a-b16e-b916658e271c, 0, 174, 261, 
fb7afd06-51e5-4e79-8155-334c751dbc97, 0, 173, 259, 
2001f839-30b2-4829-aebd-237d536c9be8, 0, 172, 258, 
a0ba40ef-e8d7-4521-ac00-fc68578c522d, 0, 171, 256, 
8c0b4119-4212-4fd8-b304-3fda410100a7, 0, 170, 255, 
7b17dfc5-a02a-420e-b439-3f80ba9e685c, 0, 169, 253, 
dd42f069-3f65-4ebb-a144-3b7ede7239fc, 0, 168, 252, 
2d63a723-e494-4dd2-abd0-2d4151a0b5b2, 0, 167, 250, 
2757a791-b442-44c9-a8b1-0eee652228be, 0, 166, 249, 
5ffd5e1b-6985-4f13-979f-66bdfd81cd44, 0, 165, 247, 
7423fe21-117d-41a1-9e59-87f27f17debe, 0, 164, 246, 
1f0396df-d3bc-467a-a4eb-5ae94ed89c2c, 0, 163, 244, 
b1ae65b5-cb5a-4481-b4a9-928cfd83ff8b, 0, 162, 243, 
98d01821-e868-47ac-b655-ab9760c95f4c, 0, 161, 241, 
a44de7d2-d16d-4db0-b72e-48a675e9a892, 0, 160, 240, 
eb728809-ed28-467b-a32f-0fd689a26011, 0, 159, 238, 
9ace93b6-0e99-4f05-a82b-94927a975e23, 0, 158, 237, 
98edf4d9-df49-472f-afef-7d982f904f40, 0, 157, 235, 
e7e8fe0b-79a2-4f80-b70e-fd7c22070360, 0, 156, 234, 
dddc476f-8ef3-40a7-aa9e-df721ee76853, 0, 155, 232, 
7bbe5e4d-e95b-4bc5-8d17-f26770e56f6a, 0, 154, 231, 
d7912a18-395f-4280-b7c7-e1224564db9d, 0, 153, 229, 
d4f480c5-973c-458b-9f35-9b42ff04c661, 0, 152, 228, 
98df6858-be69-4f3a-ae2f-3f7a19e43ea5, 0, 151, 226, 
330de59a-62b6-4da0-8e76-5eabb5340fb2, 0, 150, 225, 
805e0ad5-9981-480f-88f0-7cb91860381f, 0, 149, 223, 
23e2523e-8045-451c-b099-a221b76c72e9, 0, 148, 222, 
fe43cb0a-ac51-4920-9355-715b98937572, 0, 147, 220, 
2578a69d-1caa-4c07-ad35-e05155b45484, 0, 146, 219, 
640511c4-58c0-48e2-8428-c07b6e12ffe7, 0, 145, 217, 
e2b008e0-392d-411c-8f85-8e19b4c3f7d1, 0, 144, 216, 
bcd752de-ddee-46a2-9504-0f192c98a2f0, 0, 143, 214, 
a6f65aae-1f12-41cd-ad65-fe7dc049f603, 0, 142, 213, 
a24f3435-e03a-4921-9bd4-421b5a49cb5b, 0, 141, 211, 
f3755a96-4b8d-4fb5-bfe0-5bc061fffb71, 0, 140, 210, 
cfdcba18-f161-4e72-8a53-5a21d3d68ac3, 0, 139, 208, 
929d9207-50d9-4655-924f-7bacb6a3e9e1, 0, 138, 207, 
2caf9252-f185-4f7e-bdf6-5fcabe992317, 0, 137, 205, 
1cb39095-a0e3-4288-baca-ebe7a461eab3, 0, 136, 204, 
131ab086-28d0-419d-97bd-7be38dc85213, 0, 135, 202, 
4a76c75f-0717-42be-889a-f7292367f337, 0, 134, 201, 
6b0cafc9-d8b9-4c3d-bcd6-4ce38e35276b, 0, 133, 199, 
7248e648-9e1d-45de-8e53-a6cfe117da9a, 0, 132, 198, 
7e9c79f2-3e6b-4501-bef1-6e8b33ae0299, 0, 131, 196, 
879e6c9b-e23d-443a-9e88-1bf63fc425f9, 0, 130, 195, 
6ed58d1b-2ef6-4013-9971-a56f7eeb57e7, 0, 129, 193, 
181f9ce3-95b3-4a3c-9be3-710a2baa48ab, 0, 128, 192, 
107cb996-1255-4195-93ea-92b696d1761c, 0, 127, 190, 
8f42d507-560d-4bb8-b244-6033bdf44983, 0, 126, 189, 
0e7199e2-d1f5-42c4-88d7-cea84d1080f1, 0, 125, 187, 
4627ea73-97a2-4466-8d37-d7a055c7c6e6, 0, 124, 186, 
d27f9725-4281-4ed5-81c0-b51b7970fce2, 0, 123, 184, 
54152c6f-c6c3-4120-8611-c7869ce3ad71, 0, 122, 183, 
acdfd024-8dd8-42a2-99bc-c46c0b00b5b3, 0, 121, 181, 
7cd2eeee-0bef-4475-b933-559bbd4bc5b3, 0, 120, 180, 
ab398031-1d28-4edc-b814-8df45710df54, 0, 119, 178, 
a9968606-3162-4db2-9562-45c2cbbc0f29, 0, 118, 177, 
dea0869a-32ee-46f0-b27e-f44b22c87b2c, 0, 117, 175, 
d567a17e-4f5e-47c5-b6b6-c2ecf4446adf, 0, 116, 174, 
db297076-ec77-4c29-a18f-a21a965e6de1, 0, 115, 172, 
45767a0b-f118-4577-9fd8-94c20a164bc4, 0, 114, 171, 
5f265d2a-37b0-4873-9c6c-2afc3a419bea, 0, 113, 169, 
d318ffa3-9f8b-49d0-b6ff-d01094d5fe2a, 0, 112, 168, 
962af3bd-1072-4671-bcc3-b83c01f1afcc, 0, 111, 166, 
11f8a7bb-1806-490b-838d-6e052ec21dbf, 0, 110, 165, 
dd0e189e-b450-41c8-b0b9-50516318e8d7, 0, 109, 163, 
fa1360a9-0258-4d86-b902-56206f9f3646, 0, 108, 162, 
017ae6e2-8625-4281-bf0b-217b1f474d38, 0, 107, 160, 
f513c0e4-8e28-4ecf-8dd6-71a6d829d23e, 0, 106, 159, 
1af26b92-ad04-4130-9fe7-38e26df16bbb, 0, 105, 157, 
f20b7cc1-8cb5-4c23-8884-b54f086e87fe, 0, 104, 156, 
992ff5c7-1710-4693-95e9-d2658cd01948, 0, 103, 154, 
91b97c7b-66d4-4880-b567-19b3050a1d42, 0, 102, 153, 
a14f2e6b-1903-412c-add6-58d4eb6c5f73, 0, 101, 151, 
