2df055a9-1b87-4235-b91f-c17fa66df1fa, 5, 82, 123, 
843f7a36-76b3-41ea-accd-529b17fb04d1, 9, 93, 139, 
b7e5b41a-8e0a-45ed-9ac0-f6399dc39099, 3, 103, 154, 
72f33ab6-ddd6-43d4-8db3-fcdb15918d5a, 2, 92, 138, 
50ce2cbd-4ce0-4603-b7b8-e90f5ba32bba, 6, 94, 141, 
44f1b347-ac8a-4aa2-826f-0c69c5f686ef, 5, 102, 153, 
95694688-c843-475c-ba72-7e1ac9939091, 1, 85, 127, 
1d6cb652-6d6a-401e-92c7-cb85cd2ccc33, 9, 80, 120, 
95eebe27-476f-41cf-84c5-d65e1f63b5dc, 5, 102, 153, 
330589ad-7670-4591-83a8-61c80c7fcf5f, 9, 88, 132, 
f7bd0e08-36fc-4971-9af5-dcae41cc2b78, 203, 115, 172, 
8b090de6-9487-43db-9e1d-0545e3ff0355, 206, 107, 160, 
880583ff-6c9b-4dca-ab52-a361bce13b3e, 202, 107, 160, 
8cad6ffc-0b42-4532-b857-1bbef20f2c1d, 204, 118, 177, 
1960ed87-23ff-4eb5-932b-00122d0dd279, 207, 84, 126, 
c487242f-f8ec-410a-bcaa-14ff1ba5cf74, 209, 117, 175, 
e30d797f-d5dd-411d-8cf1-05fe95e7b24a, 206, 98, 147, 
b1b9dd6b-3231-4037-af27-78175248bde8, 202, 103, 154, 
b8c06910-ceb5-4ee6-944b-ce3ed8476bb2, 209, 110, 165, 
42e9fd8f-fe49-4d54-94d1-7bc3df0e48ca, 206, 109, 163, 
faab5afd-f340-4add-9de2-14441ca7c415, 203, 101, 151, 
5e0ae5b2-40d5-4ec6-a93a-ebe178648786, 202, 83, 124, 
718d4e42-f94f-417c-b37e-5b97091ebebc, 206, 102, 153, 
4b41628e-cfda-4258-8a71-6359041977d5, 202, 83, 124, 
ea2e6962-8273-4529-9a99-7038a3c679d0, 207, 92, 138, 
0349bcc7-b6f0-493b-ad63-820b3b97a632, 205, 119, 178, 
45b0d10a-8944-4af6-b762-349206e459d2, 590, 96, 144, 
681127a4-ef13-4af3-9461-ae553aab15a2, 592, 97, 145, 
4678906e-0567-4425-b92d-5ee3598a25cc, 594, 84, 126, 
08675464-c432-46fb-bfd9-34abb7084fac, 595, 90, 135, 
9deba819-c6ed-4825-a03f-ec7b1fcc1c0b, 597, 88, 132, 
6f270557-80bf-4787-8b3e-541ba39cc266, 597, 95, 142, 
89ad53e9-3f29-429a-9c60-2186b70fdf54, 598, 102, 153, 
da482a3c-116a-49cb-959f-1ef75db1c9f8, 590, 106, 159, 
1444174f-f30e-44ca-8608-b04567c5ea2a, 870, 94, 141, 
f518bce1-a79c-460e-8137-05175f0084bb, 869, 108, 162, 
d566d81f-5ee3-4371-a4cf-c96b6d3978a1, 864, 87, 130, 
407eba22-9f2a-4bb3-8420-fde642db90ab, 867, 82, 123, 
3f4f29aa-9280-4411-95ca-6bae3b7ad17a, 865, 99, 148, 
0b9359b5-908f-4a30-b67e-cff956fe6c07, 867, 80, 120, 
48ad0b23-3c55-4e0a-a872-33eaeae578f2, 866, 119, 178, 
31f502ae-b1a0-47bc-89d5-b4c33bb5e787, 862, 80, 120, 
7e5596fc-d055-41e1-b1a3-6aab12fa829a, 1066, 83, 124, 
cb7b2984-0996-4993-bbe0-2b8d7e2641a3, 1066, 99, 148, 
ba8edcd1-6fb9-42cb-ba74-5b17cd0afaa2, 1066, 84, 126, 
00280af0-ebd4-47af-873b-410bbcdc6ccd, 1067, 82, 123, 
4191c5cc-caa4-48c8-9ad6-a29c8722b9e9, 1071, 106, 159, 
2f19cf38-8ef4-4fed-a0c5-0fc3fbe27f88, 1065, 104, 156, 
77bc7faa-cd8d-445d-9398-bd190982193c, 1070, 84, 126, 
c4c73062-225d-4716-a55a-0078d3efbe25, 1417, 94, 141, 
2ae24575-acfe-4445-b08e-2c81e4f158d2, 1416, 110, 165, 
c178ac48-740b-4400-8de3-74bde1388a37, 1409, 117, 175, 
c9329cf3-5c1a-4d0e-9dd8-129ac136cce6, 1547, 96, 144, 
7e3790ba-8484-4538-82dd-55b0f132f8ab, 1552, 85, 127, 
1af059e4-8876-4a05-931a-e3912e39988f, 1555, 92, 138, 
3b69923c-e850-4fb1-9474-bd5bb6dda0f8, 1555, 100, 150, 
af2fd63a-cd63-4561-8a10-09e570a8925f, 1551, 109, 163, 
ef742c4e-6639-4b3f-89e3-d346f6620857, 1552, 116, 174, 
79c601fc-2de0-4d7f-8317-5a53be024075, 1551, 94, 141, 
7ad45022-30e2-47a7-902a-4419d8a63e72, 1553, 87, 130, 
3281f0a5-efbb-447a-b01c-c0c54ec0e6ce, 1555, 95, 142, 
c990b039-7918-4f91-bbf5-023e52a529f6, 1551, 103, 154, 
bd219531-c29d-499f-920e-dd8fb7acf061, 1546, 98, 147, 
b839fd16-29cd-4ac2-b95d-aa87d62906c0, 1878, 85, 127, 
a8064968-e070-4601-819b-8224292d6122, 1879, 90, 135, 
04e4b697-afb6-456f-b6c6-9492c95007de, 1876, 81, 121, 
44fddb53-15d5-4cb1-93bf-9ddbf6d2dd6a, 1870, 99, 148, 
acd85e18-c14a-4985-8ee8-e8ba6ea3c1b8, 1874, 102, 153, 
d4fb8a72-7996-4e63-8922-d3eaa63e635e, 1878, 111, 166, 
795011e2-d830-406d-91c0-6764afbf1941, 1873, 91, 136, 
af577aa4-00d5-4dd8-b473-861d1cbb04bf, 1876, 112, 168, 
bdb1eb54-40f2-4bff-8b08-101200be3ccb, 1879, 104, 156, 
9ce556f2-09cc-46ca-9f17-2a3ad7bd65d2, 1876, 114, 171, 
d6c166be-bf77-4134-b103-5a5b74dfec26, 1879, 84, 126, 
385e0f27-e00e-4cab-8ec1-71e70ca45e4c, 1874, 80, 120, 
f9dfda2a-a299-4077-b34a-d84b2f68de2a, 1878, 115, 172, 
2c68541c-1cf8-4637-8239-8bd91391e903, 1879, 82, 123, 
39299125-d461-48db-afa3-057b7b63b7e6, 1878, 84, 126, 
45f416de-b5eb-4d4d-b1d3-157ea2d9d6fa, 1871, 97, 145, 
fafc4e32-3995-4ae0-8d3d-9e7003dd71a7, 1873, 93, 139, 
754eb3b7-04cc-484c-a12b-7ecc939ba3d7, 1872, 93, 139, 
220db461-de9a-4cf5-a6c4-867fefb80bd8, 2099, 85, 127, 
eb3b497f-88b6-47cf-9f24-c87d86308fec, 2095, 104, 156, 
b7a8130a-4d7d-478b-8adc-2ea27dbc5575, 2090, 94, 141, 
05fa97c7-a284-406e-bfbe-a9b83907b9f4, 2090, 118, 177, 
5729b1b1-65ec-4d56-9cb2-ddf069e64b1b, 2090, 84, 126, 
d19e7835-85b3-4133-8e22-3af2bcd1ee34, 2091, 80, 120, 
92a37dc7-7389-436e-bcb9-0f1bb201f604, 2099, 103, 154, 
5b06da63-6b57-4d0d-bd78-a9e9664b0876, 2094, 87, 130, 
804f0d11-34b3-4ad4-afc8-df2502c937f8, 2094, 115, 172, 
b92516dc-e31b-4178-88ce-3d465b552689, 2098, 95, 142, 
0f1421d7-bd31-461e-8a6c-41df29f7c766, 2093, 93, 139, 
de25f5ee-fa99-4827-b2fd-08f40f66fbb3, 2097, 101, 151, 
f8bd61ee-29df-4da6-8962-02aea983927b, 2094, 87, 130, 
93f20021-6ceb-4e4f-aed0-97d14be88713, 2098, 117, 175, 
7b9c5aaf-b54f-4157-a6d7-f637c3639e5b, 2385, 105, 157, 
33a67896-d22a-4c08-9fdd-c9c1b13960ae, 2390, 98, 147, 
1b65fb16-ff95-4fc9-adc6-afd63cb328f1, 2387, 100, 150, 
00a02b78-c8d3-4834-b0c7-4444968ae8fb, 2385, 86, 129, 
41510da7-53be-4f6c-95ea-89e178d0e06a, 2390, 111, 166, 
